"rules","support","confidence","lift","count"
"{Percentage.of.Grade.3.Students.Achieving.the.Provincial.Standard.in.Writing=Highest,Percentage.of.Students.Whose.Parents.Have.Some.University.Education=Highest} => {Percentage.of.Grade.3.Students.Achieving.the.Provincial.Standard.in.Mathematics=Highest}",0.0535564853556485,0.757396449704142,4.17091593270253,128
"{Percentage.of.Grade.3.Students.Achieving.the.Provincial.Standard.in.Reading=Highest,Percentage.of.Students.Whose.Parents.Have.Some.University.Education=Highest} => {Percentage.of.Grade.3.Students.Achieving.the.Provincial.Standard.in.Mathematics=Highest}",0.0548117154811716,0.752873563218391,4.1460087928386,131
"{Percentage.of.Grade.3.Students.Achieving.the.Provincial.Standard.in.Reading=Highest,Percentage.of.Grade.3.Students.Achieving.the.Provincial.Standard.in.Writing=Highest,FSL.Immersion=NO} => {Percentage.of.Grade.3.Students.Achieving.the.Provincial.Standard.in.Mathematics=Highest}",0.0769874476987448,0.744939271255061,4.10231534170414,184
"{Percentage.of.Grade.3.Students.Achieving.the.Provincial.Standard.in.Reading=Highest,Percentage.of.Grade.3.Students.Achieving.the.Provincial.Standard.in.Writing=Highest,FSL.Core=YES,FSL.Immersion=NO} => {Percentage.of.Grade.3.Students.Achieving.the.Provincial.Standard.in.Mathematics=Highest}",0.0769874476987448,0.744939271255061,4.10231534170414,184
"{Percentage.of.Grade.3.Students.Achieving.the.Provincial.Standard.in.Reading=Highest,Percentage.of.Grade.3.Students.Achieving.the.Provincial.Standard.in.Writing=Highest,FSL.Extended=NO,FSL.Immersion=NO} => {Percentage.of.Grade.3.Students.Achieving.the.Provincial.Standard.in.Mathematics=Highest}",0.0723849372384937,0.739316239316239,4.07134979715625,173
"{Percentage.of.Grade.3.Students.Achieving.the.Provincial.Standard.in.Reading=Highest,Percentage.of.Grade.3.Students.Achieving.the.Provincial.Standard.in.Writing=Highest,FSL.Core=YES,FSL.Extended=NO,FSL.Immersion=NO} => {Percentage.of.Grade.3.Students.Achieving.the.Provincial.Standard.in.Mathematics=Highest}",0.0723849372384937,0.739316239316239,4.07134979715625,173
"{Percentage.of.Grade.3.Students.Achieving.the.Provincial.Standard.in.Reading=Highest,Percentage.of.Grade.3.Students.Achieving.the.Provincial.Standard.in.Writing=Highest} => {Percentage.of.Grade.3.Students.Achieving.the.Provincial.Standard.in.Mathematics=Highest}",0.0945606694560669,0.733766233766234,4.04078640253755,226
"{Percentage.of.Grade.3.Students.Achieving.the.Provincial.Standard.in.Reading=Highest,Percentage.of.Grade.3.Students.Achieving.the.Provincial.Standard.in.Writing=Highest,FSL.Core=YES} => {Percentage.of.Grade.3.Students.Achieving.the.Provincial.Standard.in.Mathematics=Highest}",0.0891213389121339,0.731958762886598,4.03083281866122,213
"{Percentage.of.Students.Whose.First.Language.Is.Not.French=Low,Percentage.of.Grade.3.Students.Achieving.the.Provincial.Standard.in.Reading=Highest,Percentage.of.Grade.3.Students.Achieving.the.Provincial.Standard.in.Writing=Highest,FSL.Immersion=NO} => {Percentage.of.Grade.3.Students.Achieving.the.Provincial.Standard.in.Mathematics=Highest}",0.0656903765690377,0.730232558139535,4.02132676026149,157
"{Percentage.of.Students.Whose.First.Language.Is.Not.French=Low,Percentage.of.Grade.3.Students.Achieving.the.Provincial.Standard.in.Reading=Highest,Percentage.of.Grade.3.Students.Achieving.the.Provincial.Standard.in.Writing=Highest,FSL.Core=YES,FSL.Immersion=NO} => {Percentage.of.Grade.3.Students.Achieving.the.Provincial.Standard.in.Mathematics=Highest}",0.0656903765690377,0.730232558139535,4.02132676026149,157
"{Percentage.of.Students.Whose.First.Language.Is.Not.French=Low,Percentage.of.Grade.3.Students.Achieving.the.Provincial.Standard.in.Reading=Highest,Percentage.of.Grade.3.Students.Achieving.the.Provincial.Standard.in.Writing=Highest,FSL.Extended=NO,FSL.Immersion=NO} => {Percentage.of.Grade.3.Students.Achieving.the.Provincial.Standard.in.Mathematics=Highest}",0.0631799163179916,0.729468599033816,4.01711970435673,151
"{Percentage.of.Students.Whose.First.Language.Is.Not.French=Low,Percentage.of.Grade.3.Students.Achieving.the.Provincial.Standard.in.Reading=Highest,Percentage.of.Grade.3.Students.Achieving.the.Provincial.Standard.in.Writing=Highest,FSL.Core=YES,FSL.Extended=NO,FSL.Immersion=NO} => {Percentage.of.Grade.3.Students.Achieving.the.Provincial.Standard.in.Mathematics=Highest}",0.0631799163179916,0.729468599033816,4.01711970435673,151
"{Percentage.of.Students.Whose.First.Language.Is.Not.French=Low,Percentage.of.Grade.3.Students.Achieving.the.Provincial.Standard.in.Reading=Highest,Percentage.of.Grade.3.Students.Achieving.the.Provincial.Standard.in.Writing=Highest,FSL.Core=YES} => {Percentage.of.Grade.3.Students.Achieving.the.Provincial.Standard.in.Mathematics=Highest}",0.0711297071129707,0.726495726495726,4.00074835558706,170
"{Gifted=FALSE,Percentage.of.Grade.3.Students.Achieving.the.Provincial.Standard.in.Reading=Highest,Percentage.of.Grade.3.Students.Achieving.the.Provincial.Standard.in.Writing=Highest,FSL.Immersion=NO} => {Percentage.of.Grade.3.Students.Achieving.the.Provincial.Standard.in.Mathematics=Highest}",0.0677824267782427,0.726457399103139,4.00053728999194,162
"{Gifted=FALSE,Percentage.of.Grade.3.Students.Achieving.the.Provincial.Standard.in.Reading=Highest,Percentage.of.Grade.3.Students.Achieving.the.Provincial.Standard.in.Writing=Highest,FSL.Core=YES,FSL.Immersion=NO} => {Percentage.of.Grade.3.Students.Achieving.the.Provincial.Standard.in.Mathematics=Highest}",0.0677824267782427,0.726457399103139,4.00053728999194,162
"{Percentage.of.Students.Whose.First.Language.Is.Not.French=Low,Percentage.of.Grade.3.Students.Achieving.the.Provincial.Standard.in.Reading=Highest,Percentage.of.Grade.3.Students.Achieving.the.Provincial.Standard.in.Writing=Highest,FSL.Core=YES,FSL.Extended=NO} => {Percentage.of.Grade.3.Students.Achieving.the.Provincial.Standard.in.Mathematics=Highest}",0.0686192468619247,0.725663716814159,3.99616655111945,164
"{Percentage.of.Grade.3.Students.Achieving.the.Provincial.Standard.in.Reading=Highest,Percentage.of.Grade.3.Students.Achieving.the.Provincial.Standard.in.Writing=Highest,FSL.Core=YES,FSL.Extended=NO} => {Percentage.of.Grade.3.Students.Achieving.the.Provincial.Standard.in.Mathematics=Highest}",0.0841004184100418,0.725631768953069,3.9959906170457,201
"{Percentage.of.Grade.3.Students.Achieving.the.Provincial.Standard.in.Reading=Highest,Percentage.of.Grade.3.Students.Achieving.the.Provincial.Standard.in.Writing=Highest,FSL.Extended=NO} => {Percentage.of.Grade.3.Students.Achieving.the.Provincial.Standard.in.Mathematics=Highest}",0.0870292887029289,0.724738675958188,3.99107243211998,208
"{Gifted=FALSE,Percentage.of.Grade.3.Students.Achieving.the.Provincial.Standard.in.Reading=Highest,Percentage.of.Grade.3.Students.Achieving.the.Provincial.Standard.in.Writing=Highest,FSL.Extended=NO,FSL.Immersion=NO} => {Percentage.of.Grade.3.Students.Achieving.the.Provincial.Standard.in.Mathematics=Highest}",0.0648535564853557,0.724299065420561,3.98865153538051,155
"{Gifted=FALSE,Percentage.of.Grade.3.Students.Achieving.the.Provincial.Standard.in.Reading=Highest,Percentage.of.Grade.3.Students.Achieving.the.Provincial.Standard.in.Writing=Highest,FSL.Core=YES,FSL.Extended=NO,FSL.Immersion=NO} => {Percentage.of.Grade.3.Students.Achieving.the.Provincial.Standard.in.Mathematics=Highest}",0.0648535564853557,0.724299065420561,3.98865153538051,155
"{Percentage.of.Students.Whose.First.Language.Is.Not.French=Low,Gifted=FALSE,Percentage.of.Grade.3.Students.Achieving.the.Provincial.Standard.in.Reading=Highest,Percentage.of.Grade.3.Students.Achieving.the.Provincial.Standard.in.Writing=Highest,FSL.Core=YES,FSL.Extended=NO} => {Percentage.of.Grade.3.Students.Achieving.the.Provincial.Standard.in.Mathematics=Highest}",0.0623430962343096,0.719806763285024,3.96391282085532,149
"{Percentage.of.Students.Whose.First.Language.Is.Not.French=Low,Percentage.of.Grade.3.Students.Achieving.the.Provincial.Standard.in.Reading=Highest,Percentage.of.Grade.3.Students.Achieving.the.Provincial.Standard.in.Writing=Highest,FSL.Extended=NO} => {Percentage.of.Grade.3.Students.Achieving.the.Provincial.Standard.in.Mathematics=Highest}",0.0686192468619247,0.719298245614035,3.96111245856577,164
"{Percentage.of.Grade.3.Students.Achieving.the.Provincial.Standard.in.Reading=Highest,Percentage.of.Grade.6.Students.Achieving.the.Provincial.Standard.in.Mathematics=Highest} => {Percentage.of.Grade.3.Students.Achieving.the.Provincial.Standard.in.Mathematics=Highest}",0.0523012552301255,0.718390804597701,3.95611526034218,125
"{Percentage.of.Students.Whose.First.Language.Is.Not.French=Low,Gifted=FALSE,Percentage.of.Grade.3.Students.Achieving.the.Provincial.Standard.in.Reading=Highest,Percentage.of.Grade.3.Students.Achieving.the.Provincial.Standard.in.Writing=Highest,FSL.Core=YES} => {Percentage.of.Grade.3.Students.Achieving.the.Provincial.Standard.in.Mathematics=Highest}",0.0640167364016736,0.71830985915493,3.95566950087623,153
"{Percentage.of.Students.Whose.First.Language.Is.Not.French=Low,Percentage.of.Grade.3.Students.Achieving.the.Provincial.Standard.in.Reading=Highest,Percentage.of.Grade.3.Students.Achieving.the.Provincial.Standard.in.Writing=Highest} => {Percentage.of.Grade.3.Students.Achieving.the.Provincial.Standard.in.Mathematics=Highest}",0.0711297071129707,0.717299578059072,3.95010597133913,170
"{Percentage.of.Students.Whose.First.Language.Is.Not.French=Low,Gifted=FALSE,Percentage.of.Grade.3.Students.Achieving.the.Provincial.Standard.in.Reading=Highest,Percentage.of.Grade.3.Students.Achieving.the.Provincial.Standard.in.Writing=Highest,FSL.Extended=NO,FSL.Immersion=NO} => {Percentage.of.Grade.3.Students.Achieving.the.Provincial.Standard.in.Mathematics=Highest}",0.0573221757322176,0.717277486910995,3.94998431732092,137
"{Percentage.of.Students.Whose.First.Language.Is.Not.French=Low,Gifted=FALSE,Percentage.of.Grade.3.Students.Achieving.the.Provincial.Standard.in.Reading=Highest,Percentage.of.Grade.3.Students.Achieving.the.Provincial.Standard.in.Writing=Highest,FSL.Core=YES,FSL.Extended=NO,FSL.Immersion=NO} => {Percentage.of.Grade.3.Students.Achieving.the.Provincial.Standard.in.Mathematics=Highest}",0.0573221757322176,0.717277486910995,3.94998431732092,137
"{Gifted=FALSE,Percentage.of.Grade.3.Students.Achieving.the.Provincial.Standard.in.Reading=Highest,Percentage.of.Grade.3.Students.Achieving.the.Provincial.Standard.in.Writing=Highest,FSL.Core=YES} => {Percentage.of.Grade.3.Students.Achieving.the.Provincial.Standard.in.Mathematics=Highest}",0.0774058577405858,0.717054263565892,3.94875504590433,185
"{Gifted=FALSE,Percentage.of.Grade.3.Students.Achieving.the.Provincial.Standard.in.Reading=Highest,Percentage.of.Grade.3.Students.Achieving.the.Provincial.Standard.in.Writing=Highest} => {Percentage.of.Grade.3.Students.Achieving.the.Provincial.Standard.in.Mathematics=Highest}",0.0811715481171548,0.715867158671587,3.94221776319146,194
"{Percentage.of.Students.Whose.First.Language.Is.Not.French=Low,Gifted=FALSE,Percentage.of.Grade.3.Students.Achieving.the.Provincial.Standard.in.Reading=Highest,Percentage.of.Grade.3.Students.Achieving.the.Provincial.Standard.in.Writing=Highest,FSL.Immersion=NO} => {Percentage.of.Grade.3.Students.Achieving.the.Provincial.Standard.in.Mathematics=Highest}",0.0589958158995816,0.715736040609137,3.94149570750193,141
"{Percentage.of.Students.Whose.First.Language.Is.Not.French=Low,Gifted=FALSE,Percentage.of.Grade.3.Students.Achieving.the.Provincial.Standard.in.Reading=Highest,Percentage.of.Grade.3.Students.Achieving.the.Provincial.Standard.in.Writing=Highest,FSL.Core=YES,FSL.Immersion=NO} => {Percentage.of.Grade.3.Students.Achieving.the.Provincial.Standard.in.Mathematics=Highest}",0.0589958158995816,0.715736040609137,3.94149570750193,141
"{Gifted=FALSE,Percentage.of.Grade.3.Students.Achieving.the.Provincial.Standard.in.Reading=Highest,Percentage.of.Grade.3.Students.Achieving.the.Provincial.Standard.in.Writing=Highest,FSL.Core=YES,FSL.Extended=NO} => {Percentage.of.Grade.3.Students.Achieving.the.Provincial.Standard.in.Mathematics=Highest}",0.0740585774058577,0.713709677419355,3.9303367028393,177
"{Percentage.of.Students.Whose.First.Language.Is.Not.French=Low,Gifted=FALSE,Percentage.of.Grade.3.Students.Achieving.the.Provincial.Standard.in.Reading=Highest,Percentage.of.Grade.3.Students.Achieving.the.Provincial.Standard.in.Writing=Highest,FSL.Extended=NO} => {Percentage.of.Grade.3.Students.Achieving.the.Provincial.Standard.in.Mathematics=Highest}",0.0623430962343096,0.712918660287081,3.92598064075144,149
"{Gifted=FALSE,Percentage.of.Grade.3.Students.Achieving.the.Provincial.Standard.in.Reading=Highest,Percentage.of.Grade.3.Students.Achieving.the.Provincial.Standard.in.Writing=Highest,FSL.Extended=NO} => {Percentage.of.Grade.3.Students.Achieving.the.Provincial.Standard.in.Mathematics=Highest}",0.0753138075313808,0.708661417322835,3.90253637650132,180
"{Percentage.of.Students.Whose.First.Language.Is.Not.French=Low,Gifted=FALSE,Percentage.of.Grade.3.Students.Achieving.the.Provincial.Standard.in.Reading=Highest,Percentage.of.Grade.3.Students.Achieving.the.Provincial.Standard.in.Writing=Highest} => {Percentage.of.Grade.3.Students.Achieving.the.Provincial.Standard.in.Mathematics=Highest}",0.0640167364016736,0.708333333333333,3.90072964669739,153
"{Percentage.of.Grade.3.Students.Achieving.the.Provincial.Standard.in.Writing=Highest,Percentage.of.Grade.6.Students.Achieving.the.Provincial.Standard.in.Mathematics=Highest} => {Percentage.of.Grade.3.Students.Achieving.the.Provincial.Standard.in.Mathematics=Highest}",0.0543933054393305,0.695187165775401,3.82833485300278,130
"{Percentage.of.Grade.3.Students.Achieving.the.Provincial.Standard.in.Reading=Highest,Percentage.of.Grade.6.Students.Achieving.the.Provincial.Standard.in.Writing=Highest} => {Percentage.of.Grade.3.Students.Achieving.the.Provincial.Standard.in.Mathematics=Highest}",0.0527196652719665,0.692307692307692,3.81247784473591,126
"{Percentage.of.Grade.3.Students.Achieving.the.Provincial.Standard.in.Reading=Highest,Percentage.of.Grade.6.Students.Achieving.the.Provincial.Standard.in.Reading=Highest} => {Percentage.of.Grade.3.Students.Achieving.the.Provincial.Standard.in.Mathematics=Highest}",0.0531380753138075,0.675531914893617,3.72009510736347,127
"{Percentage.of.Grade.3.Students.Achieving.the.Provincial.Standard.in.Writing=Highest,Percentage.of.Grade.6.Students.Achieving.the.Provincial.Standard.in.Reading=Highest} => {Percentage.of.Grade.3.Students.Achieving.the.Provincial.Standard.in.Mathematics=Highest}",0.0506276150627615,0.657608695652174,3.62139350831497,121
"{Percentage.of.Grade.3.Students.Achieving.the.Provincial.Standard.in.Writing=Highest,Percentage.of.Grade.6.Students.Achieving.the.Provincial.Standard.in.Writing=Highest} => {Percentage.of.Grade.3.Students.Achieving.the.Provincial.Standard.in.Mathematics=Highest}",0.0510460251046025,0.648936170212766,3.57363467006569,122
"{Percentage.of.Grade.3.Students.Achieving.the.Provincial.Standard.in.Reading=Highest,FSL.Immersion=NO} => {Percentage.of.Grade.3.Students.Achieving.the.Provincial.Standard.in.Mathematics=Highest}",0.0949790794979079,0.62534435261708,3.44371659620926,227
"{Percentage.of.Grade.3.Students.Achieving.the.Provincial.Standard.in.Reading=Highest,FSL.Core=YES,FSL.Immersion=NO} => {Percentage.of.Grade.3.Students.Achieving.the.Provincial.Standard.in.Mathematics=Highest}",0.0949790794979079,0.62534435261708,3.44371659620926,227
"{Percentage.of.Grade.3.Students.Achieving.the.Provincial.Standard.in.Reading=Highest,FSL.Extended=NO,FSL.Immersion=NO} => {Percentage.of.Grade.3.Students.Achieving.the.Provincial.Standard.in.Mathematics=Highest}",0.0899581589958159,0.623188405797101,3.43184398584118,215
"{Percentage.of.Grade.3.Students.Achieving.the.Provincial.Standard.in.Reading=Highest,FSL.Core=YES,FSL.Extended=NO,FSL.Immersion=NO} => {Percentage.of.Grade.3.Students.Achieving.the.Provincial.Standard.in.Mathematics=Highest}",0.0899581589958159,0.623188405797101,3.43184398584118,215
"{School.Type=Public,Percentage.of.Grade.3.Students.Achieving.the.Provincial.Standard.in.Writing=Highest} => {Percentage.of.Grade.3.Students.Achieving.the.Provincial.Standard.in.Mathematics=Highest}",0.0594142259414226,0.62280701754386,3.42974371412402,142
"{School.Type=Public,Percentage.of.Grade.3.Students.Achieving.the.Provincial.Standard.in.Reading=Highest,FSL.Core=YES,FSL.Extended=NO} => {Percentage.of.Grade.3.Students.Achieving.the.Provincial.Standard.in.Mathematics=Highest}",0.0556485355648536,0.621495327102804,3.4225203497136,133
"{School.Type=Public,Percentage.of.Grade.3.Students.Achieving.the.Provincial.Standard.in.Reading=Highest,FSL.Core=YES} => {Percentage.of.Grade.3.Students.Achieving.the.Provincial.Standard.in.Mathematics=Highest}",0.0573221757322176,0.619909502262443,3.41378735116876,137
"{School.Type=Public,Percentage.of.Grade.3.Students.Achieving.the.Provincial.Standard.in.Writing=Highest,FSL.Extended=NO} => {Percentage.of.Grade.3.Students.Achieving.the.Provincial.Standard.in.Mathematics=Highest}",0.0573221757322176,0.619909502262443,3.41378735116876,137
"{School.Type=Public,Percentage.of.Grade.3.Students.Achieving.the.Provincial.Standard.in.Writing=Highest,FSL.Core=YES} => {Percentage.of.Grade.3.Students.Achieving.the.Provincial.Standard.in.Mathematics=Highest}",0.0573221757322176,0.619909502262443,3.41378735116876,137
"{Percentage.of.Grade.3.Students.Achieving.the.Provincial.Standard.in.Writing=Highest,FSL.Immersion=NO} => {Percentage.of.Grade.3.Students.Achieving.the.Provincial.Standard.in.Mathematics=Highest}",0.09581589958159,0.617250673854447,3.39914541592657,229
"{Percentage.of.Grade.3.Students.Achieving.the.Provincial.Standard.in.Writing=Highest,FSL.Core=YES,FSL.Immersion=NO} => {Percentage.of.Grade.3.Students.Achieving.the.Provincial.Standard.in.Mathematics=Highest}",0.09581589958159,0.617250673854447,3.39914541592657,229
"{School.Type=Public,Percentage.of.Grade.3.Students.Achieving.the.Provincial.Standard.in.Writing=Highest,FSL.Core=YES,FSL.Extended=NO} => {Percentage.of.Grade.3.Students.Achieving.the.Provincial.Standard.in.Mathematics=Highest}",0.0552301255230126,0.616822429906542,3.39678711400146,132
"{School.Type=Public,Percentage.of.Grade.3.Students.Achieving.the.Provincial.Standard.in.Reading=Highest,FSL.Extended=NO} => {Percentage.of.Grade.3.Students.Achieving.the.Provincial.Standard.in.Mathematics=Highest}",0.0581589958158996,0.615044247787611,3.38699482076587,139
"{School.Type=Public,Percentage.of.Grade.3.Students.Achieving.the.Provincial.Standard.in.Reading=Highest} => {Percentage.of.Grade.3.Students.Achieving.the.Provincial.Standard.in.Mathematics=Highest}",0.0598326359832636,0.613733905579399,3.37977888095568,143
"{Percentage.of.Grade.3.Students.Achieving.the.Provincial.Standard.in.Writing=Highest,FSL.Extended=NO,FSL.Immersion=NO} => {Percentage.of.Grade.3.Students.Achieving.the.Provincial.Standard.in.Mathematics=Highest}",0.0907949790794979,0.611267605633803,3.36619718309859,217
"{Percentage.of.Grade.3.Students.Achieving.the.Provincial.Standard.in.Writing=Highest,FSL.Core=YES,FSL.Extended=NO,FSL.Immersion=NO} => {Percentage.of.Grade.3.Students.Achieving.the.Provincial.Standard.in.Mathematics=Highest}",0.0907949790794979,0.611267605633803,3.36619718309859,217
"{School.Type=Public,Gifted=FALSE,Percentage.of.Grade.3.Students.Achieving.the.Provincial.Standard.in.Reading=Highest,FSL.Core=YES} => {Percentage.of.Grade.3.Students.Achieving.the.Provincial.Standard.in.Mathematics=Highest}",0.0510460251046025,0.61,3.35921658986175,122
"{School.Type=Public,Gifted=FALSE,Percentage.of.Grade.3.Students.Achieving.the.Provincial.Standard.in.Writing=Highest,FSL.Core=YES} => {Percentage.of.Grade.3.Students.Achieving.the.Provincial.Standard.in.Mathematics=Highest}",0.0514644351464435,0.608910891089109,3.35321896244924,123
"{Percentage.of.Students.Whose.First.Language.Is.Not.French=Low,Percentage.of.Grade.3.Students.Achieving.the.Provincial.Standard.in.Reading=Highest,FSL.Extended=NO,FSL.Immersion=NO} => {Percentage.of.Grade.3.Students.Achieving.the.Provincial.Standard.in.Mathematics=Highest}",0.0786610878661088,0.608414239482201,3.35048394553562,188
"{Percentage.of.Students.Whose.First.Language.Is.Not.French=Low,Percentage.of.Grade.3.Students.Achieving.the.Provincial.Standard.in.Reading=Highest,FSL.Core=YES,FSL.Extended=NO,FSL.Immersion=NO} => {Percentage.of.Grade.3.Students.Achieving.the.Provincial.Standard.in.Mathematics=Highest}",0.0786610878661088,0.608414239482201,3.35048394553562,188
"{Percentage.of.Students.Whose.First.Language.Is.Not.French=Low,Percentage.of.Grade.3.Students.Achieving.the.Provincial.Standard.in.Reading=Highest,FSL.Immersion=NO} => {Percentage.of.Grade.3.Students.Achieving.the.Provincial.Standard.in.Mathematics=Highest}",0.0815899581589958,0.607476635514019,3.3453206425772,195
"{Percentage.of.Students.Whose.First.Language.Is.Not.French=Low,Percentage.of.Grade.3.Students.Achieving.the.Provincial.Standard.in.Reading=Highest,FSL.Core=YES,FSL.Immersion=NO} => {Percentage.of.Grade.3.Students.Achieving.the.Provincial.Standard.in.Mathematics=Highest}",0.0815899581589958,0.607476635514019,3.3453206425772,195
"{Percentage.of.Grade.3.Students.Achieving.the.Provincial.Standard.in.Reading=Highest,FSL.Core=YES} => {Percentage.of.Grade.3.Students.Achieving.the.Provincial.Standard.in.Mathematics=Highest}",0.110041841004184,0.607390300230947,3.34484520173263,263
"{Gifted=FALSE,Percentage.of.Grade.3.Students.Achieving.the.Provincial.Standard.in.Reading=Highest,FSL.Immersion=NO} => {Percentage.of.Grade.3.Students.Achieving.the.Provincial.Standard.in.Mathematics=Highest}",0.0832635983263598,0.606707317073171,3.34108407328313,199
"{Gifted=FALSE,Percentage.of.Grade.3.Students.Achieving.the.Provincial.Standard.in.Reading=Highest,FSL.Core=YES,FSL.Immersion=NO} => {Percentage.of.Grade.3.Students.Achieving.the.Provincial.Standard.in.Mathematics=Highest}",0.0832635983263598,0.606707317073171,3.34108407328313,199
"{Percentage.of.Grade.3.Students.Achieving.the.Provincial.Standard.in.Reading=Highest} => {Percentage.of.Grade.3.Students.Achieving.the.Provincial.Standard.in.Mathematics=Highest}",0.117991631799163,0.606451612903226,3.33967593280809,282
"{Gifted=FALSE,Percentage.of.Grade.3.Students.Achieving.the.Provincial.Standard.in.Reading=Highest,FSL.Extended=NO,FSL.Immersion=NO} => {Percentage.of.Grade.3.Students.Achieving.the.Provincial.Standard.in.Mathematics=Highest}",0.0799163179916318,0.606349206349206,3.33911198888157,191
"{Gifted=FALSE,Percentage.of.Grade.3.Students.Achieving.the.Provincial.Standard.in.Reading=Highest,FSL.Core=YES,FSL.Extended=NO,FSL.Immersion=NO} => {Percentage.of.Grade.3.Students.Achieving.the.Provincial.Standard.in.Mathematics=Highest}",0.0799163179916318,0.606349206349206,3.33911198888157,191
"{Percentage.of.Grade.3.Students.Achieving.the.Provincial.Standard.in.Reading=Highest,FSL.Core=YES,FSL.Extended=NO} => {Percentage.of.Grade.3.Students.Achieving.the.Provincial.Standard.in.Mathematics=Highest}",0.104602510460251,0.605326876513317,3.33348210798808,250
"{School.Type=Public,Gifted=FALSE,Percentage.of.Grade.3.Students.Achieving.the.Provincial.Standard.in.Writing=Highest} => {Percentage.of.Grade.3.Students.Achieving.the.Provincial.Standard.in.Mathematics=Highest}",0.0518828451882845,0.604878048780488,3.33101045296167,124
"{Gifted=FALSE,Percentage.of.Grade.3.Students.Achieving.the.Provincial.Standard.in.Writing=Highest,FSL.Immersion=NO} => {Percentage.of.Grade.3.Students.Achieving.the.Provincial.Standard.in.Mathematics=Highest}",0.0861924686192469,0.604105571847507,3.32675649012798,206
"{Gifted=FALSE,Percentage.of.Grade.3.Students.Achieving.the.Provincial.Standard.in.Writing=Highest,FSL.Core=YES,FSL.Immersion=NO} => {Percentage.of.Grade.3.Students.Achieving.the.Provincial.Standard.in.Mathematics=Highest}",0.0861924686192469,0.604105571847507,3.32675649012798,206
"{Percentage.of.Grade.3.Students.Achieving.the.Provincial.Standard.in.Writing=Highest} => {Percentage.of.Grade.3.Students.Achieving.the.Provincial.Standard.in.Mathematics=Highest}",0.117991631799163,0.603854389721627,3.32537325215366,282
"{Percentage.of.Students.Whose.First.Language.Is.Not.French=Low,Percentage.of.Grade.3.Students.Achieving.the.Provincial.Standard.in.Writing=Highest,FSL.Immersion=NO} => {Percentage.of.Grade.3.Students.Achieving.the.Provincial.Standard.in.Mathematics=Highest}",0.0832635983263598,0.603030303030303,3.3208350788996,199
"{Percentage.of.Students.Whose.First.Language.Is.Not.French=Low,Percentage.of.Grade.3.Students.Achieving.the.Provincial.Standard.in.Writing=Highest,FSL.Core=YES,FSL.Immersion=NO} => {Percentage.of.Grade.3.Students.Achieving.the.Provincial.Standard.in.Mathematics=Highest}",0.0832635983263598,0.603030303030303,3.3208350788996,199
"{School.Type=Public,Gifted=FALSE,Percentage.of.Grade.3.Students.Achieving.the.Provincial.Standard.in.Writing=Highest,FSL.Extended=NO} => {Percentage.of.Grade.3.Students.Achieving.the.Provincial.Standard.in.Mathematics=Highest}",0.0502092050209205,0.603015075376884,3.32075122154552,120
"{Percentage.of.Students.Whose.First.Language.Is.Not.French=Low,Percentage.of.Grade.3.Students.Achieving.the.Provincial.Standard.in.Writing=Highest,FSL.Extended=NO,FSL.Immersion=NO} => {Percentage.of.Grade.3.Students.Achieving.the.Provincial.Standard.in.Mathematics=Highest}",0.0803347280334728,0.601880877742947,3.31450529448305,192
"{Percentage.of.Students.Whose.First.Language.Is.Not.French=Low,Percentage.of.Grade.3.Students.Achieving.the.Provincial.Standard.in.Writing=Highest,FSL.Core=YES,FSL.Extended=NO,FSL.Immersion=NO} => {Percentage.of.Grade.3.Students.Achieving.the.Provincial.Standard.in.Mathematics=Highest}",0.0803347280334728,0.601880877742947,3.31450529448305,192
"{Gifted=FALSE,Percentage.of.Grade.3.Students.Achieving.the.Provincial.Standard.in.Writing=Highest,FSL.Extended=NO,FSL.Immersion=NO} => {Percentage.of.Grade.3.Students.Achieving.the.Provincial.Standard.in.Mathematics=Highest}",0.0828451882845188,0.601823708206687,3.31419046685249,198
"{Gifted=FALSE,Percentage.of.Grade.3.Students.Achieving.the.Provincial.Standard.in.Writing=Highest,FSL.Core=YES,FSL.Extended=NO,FSL.Immersion=NO} => {Percentage.of.Grade.3.Students.Achieving.the.Provincial.Standard.in.Mathematics=Highest}",0.0828451882845188,0.601823708206687,3.31419046685249,198
"{Percentage.of.Grade.3.Students.Achieving.the.Provincial.Standard.in.Writing=Highest,FSL.Core=YES} => {Percentage.of.Grade.3.Students.Achieving.the.Provincial.Standard.in.Mathematics=Highest}",0.111297071129707,0.601809954751131,3.31411472777697,266
"{Percentage.of.Grade.3.Students.Achieving.the.Provincial.Standard.in.Reading=Highest,FSL.Extended=NO} => {Percentage.of.Grade.3.Students.Achieving.the.Provincial.Standard.in.Mathematics=Highest}",0.107949790794979,0.601398601398601,3.3118494408817,258
"{School.Type=Catholic,Percentage.of.Grade.3.Students.Achieving.the.Provincial.Standard.in.Reading=Highest} => {Percentage.of.Grade.3.Students.Achieving.the.Provincial.Standard.in.Mathematics=Highest}",0.0581589958158996,0.599137931034483,3.29940012712538,139
"{School.Type=Public,Gifted=FALSE,Percentage.of.Grade.3.Students.Achieving.the.Provincial.Standard.in.Reading=Highest} => {Percentage.of.Grade.3.Students.Achieving.the.Provincial.Standard.in.Mathematics=Highest}",0.0514644351464435,0.597087378640777,3.28810791463469,123
"{School.Type=Public,Gifted=FALSE,Percentage.of.Grade.3.Students.Achieving.the.Provincial.Standard.in.Reading=Highest,FSL.Extended=NO} => {Percentage.of.Grade.3.Students.Achieving.the.Provincial.Standard.in.Mathematics=Highest}",0.0502092050209205,0.597014925373134,3.28770892083362,120
"{Percentage.of.Students.Whose.First.Language.Is.Not.French=Low,Gifted=FALSE,Percentage.of.Grade.3.Students.Achieving.the.Provincial.Standard.in.Reading=Highest,FSL.Extended=NO,FSL.Immersion=NO} => {Percentage.of.Grade.3.Students.Achieving.the.Provincial.Standard.in.Mathematics=Highest}",0.0711297071129707,0.596491228070175,3.28482496563991,170
"{Percentage.of.Students.Whose.First.Language.Is.Not.French=Low,Gifted=FALSE,Percentage.of.Grade.3.Students.Achieving.the.Provincial.Standard.in.Reading=Highest,FSL.Core=YES,FSL.Extended=NO,FSL.Immersion=NO} => {Percentage.of.Grade.3.Students.Achieving.the.Provincial.Standard.in.Mathematics=Highest}",0.0711297071129707,0.596491228070175,3.28482496563991,170
"{Percentage.of.Students.Whose.First.Language.Is.Not.French=Low,Gifted=FALSE,Percentage.of.Grade.3.Students.Achieving.the.Provincial.Standard.in.Writing=Highest,FSL.Extended=NO,FSL.Immersion=NO} => {Percentage.of.Grade.3.Students.Achieving.the.Provincial.Standard.in.Mathematics=Highest}",0.0740585774058577,0.595959595959596,3.28189731415538,177
"{Percentage.of.Students.Whose.First.Language.Is.Not.French=Low,Gifted=FALSE,Percentage.of.Grade.3.Students.Achieving.the.Provincial.Standard.in.Writing=Highest,FSL.Core=YES,FSL.Extended=NO,FSL.Immersion=NO} => {Percentage.of.Grade.3.Students.Achieving.the.Provincial.Standard.in.Mathematics=Highest}",0.0740585774058577,0.595959595959596,3.28189731415538,177
"{Percentage.of.Students.Whose.First.Language.Is.Not.French=Low,Gifted=FALSE,Percentage.of.Grade.3.Students.Achieving.the.Provincial.Standard.in.Reading=Highest,FSL.Immersion=NO} => {Percentage.of.Grade.3.Students.Achieving.the.Provincial.Standard.in.Mathematics=Highest}",0.0732217573221757,0.595238095238095,3.27792407285495,175
"{Percentage.of.Students.Whose.First.Language.Is.Not.French=Low,Gifted=FALSE,Percentage.of.Grade.3.Students.Achieving.the.Provincial.Standard.in.Reading=Highest,FSL.Core=YES,FSL.Immersion=NO} => {Percentage.of.Grade.3.Students.Achieving.the.Provincial.Standard.in.Mathematics=Highest}",0.0732217573221757,0.595238095238095,3.27792407285495,175
"{Percentage.of.Students.Whose.First.Language.Is.Not.French=Low,Gifted=FALSE,Percentage.of.Grade.3.Students.Achieving.the.Provincial.Standard.in.Writing=Highest,FSL.Immersion=NO} => {Percentage.of.Grade.3.Students.Achieving.the.Provincial.Standard.in.Mathematics=Highest}",0.0761506276150628,0.594771241830065,3.27535315201349,182
"{Percentage.of.Students.Whose.First.Language.Is.Not.French=Low,Gifted=FALSE,Percentage.of.Grade.3.Students.Achieving.the.Provincial.Standard.in.Writing=Highest,FSL.Core=YES,FSL.Immersion=NO} => {Percentage.of.Grade.3.Students.Achieving.the.Provincial.Standard.in.Mathematics=Highest}",0.0761506276150628,0.594771241830065,3.27535315201349,182
"{School.Type=Catholic,Percentage.of.Grade.3.Students.Achieving.the.Provincial.Standard.in.Reading=Highest,FSL.Core=YES} => {Percentage.of.Grade.3.Students.Achieving.the.Provincial.Standard.in.Mathematics=Highest}",0.0527196652719665,0.594339622641509,3.27297626293366,126
"{Percentage.of.Students.Whose.First.Language.Is.Not.French=Low,Percentage.of.Grade.3.Students.Achieving.the.Provincial.Standard.in.Reading=Highest,FSL.Core=YES,FSL.Extended=NO} => {Percentage.of.Grade.3.Students.Achieving.the.Provincial.Standard.in.Mathematics=Highest}",0.0845188284518828,0.594117647058824,3.27175386283546,202
"{Percentage.of.Students.Whose.First.Language.Is.Not.French=Low,Percentage.of.Grade.3.Students.Achieving.the.Provincial.Standard.in.Reading=Highest,FSL.Core=YES} => {Percentage.of.Grade.3.Students.Achieving.the.Provincial.Standard.in.Mathematics=Highest}",0.0874476987447699,0.592067988668555,3.26046657354343,209
"{Gifted=FALSE,Percentage.of.Grade.3.Students.Achieving.the.Provincial.Standard.in.Writing=Highest,FSL.Core=YES} => {Percentage.of.Grade.3.Students.Achieving.the.Provincial.Standard.in.Mathematics=Highest}",0.098744769874477,0.591478696741855,3.25722139450007,236
"{Percentage.of.Grade.3.Students.Achieving.the.Provincial.Standard.in.Writing=Highest,FSL.Core=YES,FSL.Extended=NO} => {Percentage.of.Grade.3.Students.Achieving.the.Provincial.Standard.in.Mathematics=Highest}",0.10418410041841,0.59144893111639,3.25705747780685,249
"{Percentage.of.Grade.3.Students.Achieving.the.Provincial.Standard.in.Writing=Highest,FSL.Extended=NO} => {Percentage.of.Grade.3.Students.Achieving.the.Provincial.Standard.in.Mathematics=Highest}",0.107112970711297,0.591224018475751,3.25581890358766,256
"{Percentage.of.Students.Whose.First.Language.Is.Not.French=Low,Percentage.of.Grade.3.Students.Achieving.the.Provincial.Standard.in.Writing=Highest,FSL.Core=YES} => {Percentage.of.Grade.3.Students.Achieving.the.Provincial.Standard.in.Mathematics=Highest}",0.0912133891213389,0.590785907859079,3.25340626678156,218
"{Gifted=FALSE,Percentage.of.Grade.3.Students.Achieving.the.Provincial.Standard.in.Writing=Highest} => {Percentage.of.Grade.3.Students.Achieving.the.Provincial.Standard.in.Mathematics=Highest}",0.103765690376569,0.59047619047619,3.25170068027211,248
"{Percentage.of.Students.Whose.First.Language.Is.Not.French=Low,Gifted=FALSE,Percentage.of.Grade.3.Students.Achieving.the.Provincial.Standard.in.Writing=Highest,FSL.Core=YES} => {Percentage.of.Grade.3.Students.Achieving.the.Provincial.Standard.in.Mathematics=Highest}",0.0836820083682008,0.589970501474926,3.24891589521906,200
"{Gifted=FALSE,Percentage.of.Grade.3.Students.Achieving.the.Provincial.Standard.in.Reading=Highest,FSL.Core=YES} => {Percentage.of.Grade.3.Students.Achieving.the.Provincial.Standard.in.Mathematics=Highest}",0.095397489539749,0.589147286821705,3.24438252420248,228
"{Percentage.of.Students.Whose.First.Language.Is.Not.French=Low,Percentage.of.Grade.3.Students.Achieving.the.Provincial.Standard.in.Reading=Highest,FSL.Extended=NO} => {Percentage.of.Grade.3.Students.Achieving.the.Provincial.Standard.in.Mathematics=Highest}",0.0845188284518828,0.588921282798834,3.2431379398369,202
"{Gifted=FALSE,Percentage.of.Grade.3.Students.Achieving.the.Provincial.Standard.in.Reading=Highest,FSL.Core=YES,FSL.Extended=NO} => {Percentage.of.Grade.3.Students.Achieving.the.Provincial.Standard.in.Mathematics=Highest}",0.0916317991631799,0.588709677419355,3.24197264753976,219
"{Percentage.of.Students.Whose.First.Language.Is.Not.French=Low,Gifted=FALSE,Percentage.of.Grade.3.Students.Achieving.the.Provincial.Standard.in.Writing=Highest,FSL.Core=YES,FSL.Extended=NO} => {Percentage.of.Grade.3.Students.Achieving.the.Provincial.Standard.in.Mathematics=Highest}",0.0803347280334728,0.587155963302752,3.23341647993912,192
"{Gifted=FALSE,Percentage.of.Grade.3.Students.Achieving.the.Provincial.Standard.in.Reading=Highest} => {Percentage.of.Grade.3.Students.Achieving.the.Provincial.Standard.in.Mathematics=Highest}",0.101255230125523,0.585956416464891,3.22681068053246,242
"{Percentage.of.Students.Whose.First.Language.Is.Not.French=Low,Percentage.of.Grade.3.Students.Achieving.the.Provincial.Standard.in.Writing=Highest,FSL.Core=YES,FSL.Extended=NO} => {Percentage.of.Grade.3.Students.Achieving.the.Provincial.Standard.in.Mathematics=Highest}",0.0870292887029289,0.585915492957746,3.22658531836178,208
"{School.Type=Catholic,Percentage.of.Grade.3.Students.Achieving.the.Provincial.Standard.in.Writing=Highest} => {Percentage.of.Grade.3.Students.Achieving.the.Provincial.Standard.in.Mathematics=Highest}",0.0585774058577406,0.585774058577406,3.2258064516129,140
"{Percentage.of.Students.Whose.First.Language.Is.Not.French=Low,Gifted=FALSE,Percentage.of.Grade.3.Students.Achieving.the.Provincial.Standard.in.Reading=Highest,FSL.Core=YES,FSL.Extended=NO} => {Percentage.of.Grade.3.Students.Achieving.the.Provincial.Standard.in.Mathematics=Highest}",0.0765690376569038,0.584664536741214,3.21969641200807,183
"{Percentage.of.Students.Whose.First.Language.Is.Not.French=Low,Percentage.of.Grade.3.Students.Achieving.the.Provincial.Standard.in.Reading=Highest} => {Percentage.of.Grade.3.Students.Achieving.the.Provincial.Standard.in.Mathematics=Highest}",0.0882845188284519,0.584487534626039,3.21872167685768,211
"{Percentage.of.Students.Whose.First.Language.Is.Not.French=Low,Percentage.of.Grade.3.Students.Achieving.the.Provincial.Standard.in.Writing=Highest} => {Percentage.of.Grade.3.Students.Achieving.the.Provincial.Standard.in.Mathematics=Highest}",0.0912133891213389,0.584450402144772,3.21851719153457,218
"{Gifted=FALSE,Percentage.of.Grade.3.Students.Achieving.the.Provincial.Standard.in.Writing=Highest,FSL.Core=YES,FSL.Extended=NO} => {Percentage.of.Grade.3.Students.Achieving.the.Provincial.Standard.in.Mathematics=Highest}",0.0933054393305439,0.583769633507853,3.21476825825753,223
"{School.Type=Catholic,Percentage.of.Grade.3.Students.Achieving.the.Provincial.Standard.in.Writing=Highest,FSL.Core=YES} => {Percentage.of.Grade.3.Students.Achieving.the.Provincial.Standard.in.Mathematics=Highest}",0.0539748953974895,0.583710407239819,3.21444210438518,129
"{Percentage.of.Students.Whose.First.Language.Is.Not.French=Low,Gifted=FALSE,Percentage.of.Grade.3.Students.Achieving.the.Provincial.Standard.in.Writing=Highest} => {Percentage.of.Grade.3.Students.Achieving.the.Provincial.Standard.in.Mathematics=Highest}",0.0836820083682008,0.583090379008746,3.21102766320485,200
"{Percentage.of.Students.Whose.First.Language.Is.Not.French=Low,Gifted=FALSE,Percentage.of.Grade.3.Students.Achieving.the.Provincial.Standard.in.Reading=Highest,FSL.Core=YES} => {Percentage.of.Grade.3.Students.Achieving.the.Provincial.Standard.in.Mathematics=Highest}",0.0786610878661088,0.582043343653251,3.20526173117804,188
"{Percentage.of.Students.Whose.First.Language.Is.Not.French=Low,Gifted=FALSE,Percentage.of.Grade.3.Students.Achieving.the.Provincial.Standard.in.Writing=Highest,FSL.Extended=NO} => {Percentage.of.Grade.3.Students.Achieving.the.Provincial.Standard.in.Mathematics=Highest}",0.0803347280334728,0.581818181818182,3.20402178466695,192
"{Gifted=FALSE,Percentage.of.Grade.3.Students.Achieving.the.Provincial.Standard.in.Reading=Highest,FSL.Extended=NO} => {Percentage.of.Grade.3.Students.Achieving.the.Provincial.Standard.in.Mathematics=Highest}",0.0928870292887029,0.581151832460733,3.20035225709943,222
"{Percentage.of.Students.Whose.First.Language.Is.Not.French=Low,Percentage.of.Grade.3.Students.Achieving.the.Provincial.Standard.in.Writing=Highest,FSL.Extended=NO} => {Percentage.of.Grade.3.Students.Achieving.the.Provincial.Standard.in.Mathematics=Highest}",0.0870292887029289,0.581005586592179,3.19954689390624,208
"{Gifted=FALSE,Percentage.of.Grade.3.Students.Achieving.the.Provincial.Standard.in.Writing=Highest,FSL.Extended=NO} => {Percentage.of.Grade.3.Students.Achieving.the.Provincial.Standard.in.Mathematics=Highest}",0.0945606694560669,0.57948717948718,3.19118515892709,226
"{Percentage.of.Students.Whose.First.Language.Is.Not.French=Low,Gifted=FALSE,Percentage.of.Grade.3.Students.Achieving.the.Provincial.Standard.in.Reading=Highest,FSL.Extended=NO} => {Percentage.of.Grade.3.Students.Achieving.the.Provincial.Standard.in.Mathematics=Highest}",0.0765690376569038,0.579113924050633,3.18912967391938,183
"{School.Type=Catholic,Gifted=FALSE,Percentage.of.Grade.3.Students.Achieving.the.Provincial.Standard.in.Writing=Highest} => {Percentage.of.Grade.3.Students.Achieving.the.Provincial.Standard.in.Mathematics=Highest}",0.0518828451882845,0.576744186046512,3.17607973421927,124
"{Percentage.of.Students.Whose.First.Language.Is.Not.French=Low,Gifted=FALSE,Percentage.of.Grade.3.Students.Achieving.the.Provincial.Standard.in.Reading=Highest} => {Percentage.of.Grade.3.Students.Achieving.the.Provincial.Standard.in.Mathematics=Highest}",0.0794979079497908,0.574018126888218,3.16106756512175,190
"{Percentage.of.Grade.6.Students.Achieving.the.Provincial.Standard.in.Reading=Highest,Percentage.of.Grade.6.Students.Achieving.the.Provincial.Standard.in.Writing=Highest} => {Percentage.of.Grade.3.Students.Achieving.the.Provincial.Standard.in.Mathematics=Highest}",0.0531380753138075,0.436426116838488,2.40336041300458,127
"{Percentage.of.Grade.6.Students.Achieving.the.Provincial.Standard.in.Writing=Highest,FSL.Extended=NO,FSL.Immersion=NO} => {Percentage.of.Grade.3.Students.Achieving.the.Provincial.Standard.in.Mathematics=Highest}",0.0502092050209205,0.425531914893617,2.34336699676439,120
"{Percentage.of.Grade.6.Students.Achieving.the.Provincial.Standard.in.Writing=Highest,FSL.Core=YES,FSL.Extended=NO,FSL.Immersion=NO} => {Percentage.of.Grade.3.Students.Achieving.the.Provincial.Standard.in.Mathematics=Highest}",0.0502092050209205,0.425531914893617,2.34336699676439,120
"{Percentage.of.Grade.6.Students.Achieving.the.Provincial.Standard.in.Writing=Highest,FSL.Immersion=NO} => {Percentage.of.Grade.3.Students.Achieving.the.Provincial.Standard.in.Mathematics=Highest}",0.0527196652719665,0.424242424242424,2.33626588465298,126
"{Percentage.of.Grade.6.Students.Achieving.the.Provincial.Standard.in.Writing=Highest,FSL.Core=YES,FSL.Immersion=NO} => {Percentage.of.Grade.3.Students.Achieving.the.Provincial.Standard.in.Mathematics=Highest}",0.0527196652719665,0.424242424242424,2.33626588465298,126
"{Percentage.of.Grade.6.Students.Achieving.the.Provincial.Standard.in.Writing=Highest} => {Percentage.of.Grade.3.Students.Achieving.the.Provincial.Standard.in.Mathematics=Highest}",0.0719665271966527,0.415458937198068,2.28789599056079,172
"{Percentage.of.Grade.6.Students.Achieving.the.Provincial.Standard.in.Writing=Highest,FSL.Extended=NO} => {Percentage.of.Grade.3.Students.Achieving.the.Provincial.Standard.in.Mathematics=Highest}",0.0640167364016736,0.406914893617021,2.24084469065595,153
"{Percentage.of.Students.Whose.Parents.Have.Some.University.Education=Highest,FSL.Immersion=NO} => {Percentage.of.Grade.3.Students.Achieving.the.Provincial.Standard.in.Mathematics=Highest}",0.0543933054393305,0.40625,2.2371831797235,130
"{Percentage.of.Students.Whose.Parents.Have.Some.University.Education=Highest,FSL.Core=YES,FSL.Immersion=NO} => {Percentage.of.Grade.3.Students.Achieving.the.Provincial.Standard.in.Mathematics=Highest}",0.0543933054393305,0.40625,2.2371831797235,130
"{Percentage.of.Grade.6.Students.Achieving.the.Provincial.Standard.in.Reading=Highest,FSL.Immersion=NO} => {Percentage.of.Grade.3.Students.Achieving.the.Provincial.Standard.in.Mathematics=Highest}",0.0539748953974895,0.403125,2.21997407834101,129
"{Percentage.of.Grade.6.Students.Achieving.the.Provincial.Standard.in.Reading=Highest,FSL.Core=YES,FSL.Immersion=NO} => {Percentage.of.Grade.3.Students.Achieving.the.Provincial.Standard.in.Mathematics=Highest}",0.0539748953974895,0.403125,2.21997407834101,129
"{Percentage.of.Grade.6.Students.Achieving.the.Provincial.Standard.in.Writing=Highest,FSL.Core=YES} => {Percentage.of.Grade.3.Students.Achieving.the.Provincial.Standard.in.Mathematics=Highest}",0.0635983263598326,0.402116402116402,2.21441981810645,152
"{Percentage.of.Grade.6.Students.Achieving.the.Provincial.Standard.in.Writing=Highest,FSL.Core=YES,FSL.Extended=NO} => {Percentage.of.Grade.3.Students.Achieving.the.Provincial.Standard.in.Mathematics=Highest}",0.0602510460251046,0.401114206128134,2.20890081254894,144
"{Percentage.of.Students.Whose.Parents.Have.Some.University.Education=Highest,FSL.Extended=NO,FSL.Immersion=NO} => {Percentage.of.Grade.3.Students.Achieving.the.Provincial.Standard.in.Mathematics=Highest}",0.0514644351464435,0.399350649350649,2.19918905978814,123
"{Percentage.of.Students.Whose.Parents.Have.Some.University.Education=Highest,FSL.Core=YES,FSL.Extended=NO,FSL.Immersion=NO} => {Percentage.of.Grade.3.Students.Achieving.the.Provincial.Standard.in.Mathematics=Highest}",0.0514644351464435,0.399350649350649,2.19918905978814,123
"{Percentage.of.Grade.6.Students.Achieving.the.Provincial.Standard.in.Reading=Highest,FSL.Extended=NO,FSL.Immersion=NO} => {Percentage.of.Grade.3.Students.Achieving.the.Provincial.Standard.in.Mathematics=Highest}",0.0510460251046025,0.398692810457516,2.19556639860245,122
"{Percentage.of.Grade.6.Students.Achieving.the.Provincial.Standard.in.Reading=Highest,FSL.Core=YES,FSL.Extended=NO,FSL.Immersion=NO} => {Percentage.of.Grade.3.Students.Achieving.the.Provincial.Standard.in.Mathematics=Highest}",0.0510460251046025,0.398692810457516,2.19556639860245,122
"{Percentage.of.Grade.6.Students.Achieving.the.Provincial.Standard.in.Mathematics=Highest} => {Percentage.of.Grade.3.Students.Achieving.the.Provincial.Standard.in.Mathematics=Highest}",0.0753138075313808,0.39647577092511,2.18335735601616,180
"{Percentage.of.Grade.6.Students.Achieving.the.Provincial.Standard.in.Mathematics=Highest,FSL.Extended=NO,FSL.Immersion=NO} => {Percentage.of.Grade.3.Students.Achieving.the.Provincial.Standard.in.Mathematics=Highest}",0.0560669456066946,0.395280235988201,2.17677364979677,134
"{Percentage.of.Grade.6.Students.Achieving.the.Provincial.Standard.in.Mathematics=Highest,FSL.Core=YES,FSL.Extended=NO,FSL.Immersion=NO} => {Percentage.of.Grade.3.Students.Achieving.the.Provincial.Standard.in.Mathematics=Highest}",0.0560669456066946,0.395280235988201,2.17677364979677,134
"{Percentage.of.Students.Whose.First.Language.Is.Not.French=Low,Percentage.of.Students.Whose.Parents.Have.Some.University.Education=Highest,FSL.Core=YES} => {Percentage.of.Grade.3.Students.Achieving.the.Provincial.Standard.in.Mathematics=Highest}",0.0518828451882845,0.394904458598726,2.1747042766151,124
"{Percentage.of.Grade.6.Students.Achieving.the.Provincial.Standard.in.Mathematics=Highest,FSL.Immersion=NO} => {Percentage.of.Grade.3.Students.Achieving.the.Provincial.Standard.in.Mathematics=Highest}",0.0581589958158996,0.394886363636364,2.17460462924173,139
"{Percentage.of.Grade.6.Students.Achieving.the.Provincial.Standard.in.Mathematics=Highest,FSL.Core=YES,FSL.Immersion=NO} => {Percentage.of.Grade.3.Students.Achieving.the.Provincial.Standard.in.Mathematics=Highest}",0.0581589958158996,0.394886363636364,2.17460462924173,139
"{Percentage.of.Students.Whose.First.Language.Is.Not.French=Low,Percentage.of.Grade.6.Students.Achieving.the.Provincial.Standard.in.Writing=Highest,FSL.Core=YES} => {Percentage.of.Grade.3.Students.Achieving.the.Provincial.Standard.in.Mathematics=Highest}",0.0506276150627615,0.39413680781759,2.17047689097705,121
"{Percentage.of.Students.Whose.Parents.Have.Some.University.Education=Highest} => {Percentage.of.Grade.3.Students.Achieving.the.Provincial.Standard.in.Mathematics=Highest}",0.0765690376569038,0.393548387096774,2.16723650958823,183
"{Percentage.of.Students.Whose.First.Language.Is.Not.French=Low,Percentage.of.Students.Whose.Parents.Have.Some.University.Education=Highest} => {Percentage.of.Grade.3.Students.Achieving.the.Provincial.Standard.in.Mathematics=Highest}",0.0531380753138075,0.393188854489164,2.16525659499793,127
"{Percentage.of.Grade.6.Students.Achieving.the.Provincial.Standard.in.Mathematics=Highest,FSL.Extended=NO} => {Percentage.of.Grade.3.Students.Achieving.the.Provincial.Standard.in.Mathematics=Highest}",0.0677824267782427,0.39225181598063,2.16009640597628,162
"{Percentage.of.Students.Whose.First.Language.Is.Not.French=Low,Percentage.of.Grade.6.Students.Achieving.the.Provincial.Standard.in.Writing=Highest} => {Percentage.of.Grade.3.Students.Achieving.the.Provincial.Standard.in.Mathematics=Highest}",0.0518828451882845,0.391167192429022,2.15412347904461,124
"{Percentage.of.Students.Whose.First.Language.Is.Not.French=Low,Percentage.of.Grade.6.Students.Achieving.the.Provincial.Standard.in.Mathematics=Highest,FSL.Extended=NO,FSL.Immersion=NO} => {Percentage.of.Grade.3.Students.Achieving.the.Provincial.Standard.in.Mathematics=Highest}",0.0506276150627615,0.390322580645161,2.14947227590308,121
"{Percentage.of.Students.Whose.First.Language.Is.Not.French=Low,Percentage.of.Grade.6.Students.Achieving.the.Provincial.Standard.in.Mathematics=Highest,FSL.Core=YES,FSL.Extended=NO,FSL.Immersion=NO} => {Percentage.of.Grade.3.Students.Achieving.the.Provincial.Standard.in.Mathematics=Highest}",0.0506276150627615,0.390322580645161,2.14947227590308,121
"{Percentage.of.Students.Whose.Parents.Have.Some.University.Education=Highest,FSL.Extended=NO} => {Percentage.of.Grade.3.Students.Achieving.the.Provincial.Standard.in.Mathematics=Highest}",0.0673640167364017,0.387951807228916,2.13641663427905,161
"{Percentage.of.Grade.6.Students.Achieving.the.Provincial.Standard.in.Mathematics=Highest,FSL.Core=YES} => {Percentage.of.Grade.3.Students.Achieving.the.Provincial.Standard.in.Mathematics=Highest}",0.0686192468619247,0.387706855791962,2.13506770816311,164
"{Percentage.of.Grade.6.Students.Achieving.the.Provincial.Standard.in.Mathematics=Highest,FSL.Core=YES,FSL.Extended=NO} => {Percentage.of.Grade.3.Students.Achieving.the.Provincial.Standard.in.Mathematics=Highest}",0.0648535564853557,0.3875,2.13392857142857,155
"{Percentage.of.Students.Whose.First.Language.Is.Not.French=Low,Percentage.of.Grade.6.Students.Achieving.the.Provincial.Standard.in.Mathematics=Highest,FSL.Immersion=NO} => {Percentage.of.Grade.3.Students.Achieving.the.Provincial.Standard.in.Mathematics=Highest}",0.0518828451882845,0.386292834890966,2.1272808188696,124
"{Percentage.of.Students.Whose.First.Language.Is.Not.French=Low,Percentage.of.Grade.6.Students.Achieving.the.Provincial.Standard.in.Mathematics=Highest,FSL.Core=YES,FSL.Immersion=NO} => {Percentage.of.Grade.3.Students.Achieving.the.Provincial.Standard.in.Mathematics=Highest}",0.0518828451882845,0.386292834890966,2.1272808188696,124
"{Percentage.of.Students.Whose.Parents.Have.Some.University.Education=Highest,FSL.Core=YES} => {Percentage.of.Grade.3.Students.Achieving.the.Provincial.Standard.in.Mathematics=Highest}",0.0682008368200837,0.384433962264151,2.11704417007217,163
"{Gifted=FALSE,Percentage.of.Grade.6.Students.Achieving.the.Provincial.Standard.in.Writing=Highest} => {Percentage.of.Grade.3.Students.Achieving.the.Provincial.Standard.in.Mathematics=Highest}",0.0577405857740586,0.382271468144044,2.10513550429554,138
"{Gifted=FALSE,Percentage.of.Grade.6.Students.Achieving.the.Provincial.Standard.in.Mathematics=Highest} => {Percentage.of.Grade.3.Students.Achieving.the.Provincial.Standard.in.Mathematics=Highest}",0.0615062761506276,0.380829015544041,2.09719204412502,147
"{Percentage.of.Students.Whose.Parents.Have.Some.University.Education=Highest,FSL.Core=YES,FSL.Extended=NO} => {Percentage.of.Grade.3.Students.Achieving.the.Provincial.Standard.in.Mathematics=Highest}",0.0644351464435146,0.379310344827586,2.08882885746067,154
"{Percentage.of.Students.Whose.First.Language.Is.Not.French=Low,Percentage.of.Grade.6.Students.Achieving.the.Provincial.Standard.in.Mathematics=Highest,FSL.Core=YES,FSL.Extended=NO} => {Percentage.of.Grade.3.Students.Achieving.the.Provincial.Standard.in.Mathematics=Highest}",0.0548117154811716,0.378612716763006,2.08498708079167,131
"{Gifted=FALSE,Percentage.of.Grade.6.Students.Achieving.the.Provincial.Standard.in.Mathematics=Highest,FSL.Core=YES,FSL.Extended=NO} => {Percentage.of.Grade.3.Students.Achieving.the.Provincial.Standard.in.Mathematics=Highest}",0.0539748953974895,0.37719298245614,2.07716872827229,129
"{Percentage.of.Students.Whose.First.Language.Is.Not.French=Low,Percentage.of.Grade.6.Students.Achieving.the.Provincial.Standard.in.Mathematics=Highest,FSL.Extended=NO} => {Percentage.of.Grade.3.Students.Achieving.the.Provincial.Standard.in.Mathematics=Highest}",0.0548117154811716,0.376436781609195,2.0730043964193,131
"{Percentage.of.Students.Whose.First.Language.Is.Not.French=Low,Percentage.of.Grade.6.Students.Achieving.the.Provincial.Standard.in.Mathematics=Highest,FSL.Core=YES} => {Percentage.of.Grade.3.Students.Achieving.the.Provincial.Standard.in.Mathematics=Highest}",0.0573221757322176,0.376373626373626,2.07265660606674,137
"{Gifted=FALSE,Percentage.of.Grade.6.Students.Achieving.the.Provincial.Standard.in.Mathematics=Highest,FSL.Extended=NO} => {Percentage.of.Grade.3.Students.Achieving.the.Provincial.Standard.in.Mathematics=Highest}",0.0552301255230126,0.376068376068376,2.07097561936272,132
"{Gifted=FALSE,Percentage.of.Grade.6.Students.Achieving.the.Provincial.Standard.in.Mathematics=Highest,FSL.Core=YES} => {Percentage.of.Grade.3.Students.Achieving.the.Provincial.Standard.in.Mathematics=Highest}",0.0564853556485356,0.376044568245125,2.07084451176463,135
"{Gifted=FALSE,Percentage.of.Grade.6.Students.Achieving.the.Provincial.Standard.in.Writing=Highest,FSL.Extended=NO} => {Percentage.of.Grade.3.Students.Achieving.the.Provincial.Standard.in.Mathematics=Highest}",0.0510460251046025,0.373088685015291,2.05456672162798,122
"{Percentage.of.Grade.6.Students.Achieving.the.Provincial.Standard.in.Reading=Highest} => {Percentage.of.Grade.3.Students.Achieving.the.Provincial.Standard.in.Mathematics=Highest}",0.0707112970711297,0.373068432671082,2.05445519374167,169
"{Gifted=FALSE,Percentage.of.Grade.6.Students.Achieving.the.Provincial.Standard.in.Writing=Highest,FSL.Core=YES} => {Percentage.of.Grade.3.Students.Achieving.the.Provincial.Standard.in.Mathematics=Highest}",0.0514644351464435,0.372727272727273,2.05257645580226,123
"{Percentage.of.Grade.6.Students.Achieving.the.Provincial.Standard.in.Reading=Highest,FSL.Core=YES} => {Percentage.of.Grade.3.Students.Achieving.the.Provincial.Standard.in.Mathematics=Highest}",0.0635983263598326,0.372549019607843,2.05159483148098,152
"{Percentage.of.Students.Whose.First.Language.Is.Not.French=Low,Percentage.of.Grade.6.Students.Achieving.the.Provincial.Standard.in.Mathematics=Highest} => {Percentage.of.Grade.3.Students.Achieving.the.Provincial.Standard.in.Mathematics=Highest}",0.0577405857740586,0.371967654986523,2.04839330741426,138
"{Percentage.of.Students.Whose.First.Language.Is.Not.French=Low,Percentage.of.Grade.6.Students.Achieving.the.Provincial.Standard.in.Reading=Highest,FSL.Core=YES} => {Percentage.of.Grade.3.Students.Achieving.the.Provincial.Standard.in.Mathematics=Highest}",0.0506276150627615,0.370030581039755,2.03772601079497,121
"{Gifted=FALSE,Percentage.of.Students.Whose.Parents.Have.Some.University.Education=Highest} => {Percentage.of.Grade.3.Students.Achieving.the.Provincial.Standard.in.Mathematics=Highest}",0.0594142259414226,0.367875647668394,2.02585898139968,142
"{Percentage.of.Grade.6.Students.Achieving.the.Provincial.Standard.in.Reading=Highest,FSL.Core=YES,FSL.Extended=NO} => {Percentage.of.Grade.3.Students.Achieving.the.Provincial.Standard.in.Mathematics=Highest}",0.0594142259414226,0.366925064599483,2.02062420366997,142
"{Percentage.of.Students.Whose.First.Language.Is.Not.French=Low,Percentage.of.Grade.6.Students.Achieving.the.Provincial.Standard.in.Reading=Highest} => {Percentage.of.Grade.3.Students.Achieving.the.Provincial.Standard.in.Mathematics=Highest}",0.0523012552301255,0.364431486880466,2.00689228950303,125
"{Percentage.of.Grade.6.Students.Achieving.the.Provincial.Standard.in.Reading=Highest,FSL.Extended=NO} => {Percentage.of.Grade.3.Students.Achieving.the.Provincial.Standard.in.Mathematics=Highest}",0.0631799163179916,0.363855421686747,2.0037199489201,151
"{Gifted=FALSE,Percentage.of.Students.Whose.Parents.Have.Some.University.Education=Highest,FSL.Core=YES} => {Percentage.of.Grade.3.Students.Achieving.the.Provincial.Standard.in.Mathematics=Highest}",0.0531380753138075,0.362857142857143,1.99822251481238,127
"{Gifted=FALSE,Percentage.of.Students.Whose.Parents.Have.Some.University.Education=Highest,FSL.Extended=NO} => {Percentage.of.Grade.3.Students.Achieving.the.Provincial.Standard.in.Mathematics=Highest}",0.0518828451882845,0.361516034985423,1.99083715118701,124
"{Gifted=FALSE,Percentage.of.Students.Whose.Parents.Have.Some.University.Education=Highest,FSL.Core=YES,FSL.Extended=NO} => {Percentage.of.Grade.3.Students.Achieving.the.Provincial.Standard.in.Mathematics=Highest}",0.0510460251046025,0.359882005899705,1.98183869608363,122
"{Gifted=FALSE,Percentage.of.Grade.6.Students.Achieving.the.Provincial.Standard.in.Reading=Highest,FSL.Core=YES} => {Percentage.of.Grade.3.Students.Achieving.the.Provincial.Standard.in.Mathematics=Highest}",0.0527196652719665,0.356940509915014,1.96564013524628,126
"{Gifted=FALSE,Percentage.of.Grade.6.Students.Achieving.the.Provincial.Standard.in.Reading=Highest} => {Percentage.of.Grade.3.Students.Achieving.the.Provincial.Standard.in.Mathematics=Highest}",0.0577405857740586,0.352040816326531,1.93865795165993,138
"{Gifted=FALSE,Percentage.of.Grade.6.Students.Achieving.the.Provincial.Standard.in.Reading=Highest,FSL.Extended=NO} => {Percentage.of.Grade.3.Students.Achieving.the.Provincial.Standard.in.Mathematics=Highest}",0.0510460251046025,0.33983286908078,1.87142985507618,122
"{Percentage.of.Children.Who.Live.in.Low.Income.Households=Lowest} => {Percentage.of.Grade.3.Students.Achieving.the.Provincial.Standard.in.Mathematics=Highest}",0.0644351464435146,0.277978339350181,1.53080237568417,154
"{Percentage.of.Children.Who.Live.in.Low.Income.Households=Lowest,FSL.Extended=NO} => {Percentage.of.Grade.3.Students.Achieving.the.Provincial.Standard.in.Mathematics=Highest}",0.0581589958158996,0.269902912621359,1.48633170775357,139
"{Percentage.of.Children.Who.Live.in.Low.Income.Households=Lowest,FSL.Core=YES} => {Percentage.of.Grade.3.Students.Achieving.the.Provincial.Standard.in.Mathematics=Highest}",0.0585774058577406,0.269749518304432,1.48548697868109,140
"{Percentage.of.Children.Who.Live.in.Low.Income.Households=Lowest,FSL.Core=YES,FSL.Extended=NO} => {Percentage.of.Grade.3.Students.Achieving.the.Provincial.Standard.in.Mathematics=Highest}",0.0564853556485356,0.267326732673267,1.47214491034357,135
"{Percentage.of.Students.Receiving.Special.Education.Services=Lowest} => {Percentage.of.Grade.3.Students.Achieving.the.Provincial.Standard.in.Mathematics=Highest}",0.0548117154811716,0.263581488933602,1.4515201809938,131
"{Percentage.of.Students.Receiving.Special.Education.Services=Lowest,FSL.Core=YES} => {Percentage.of.Grade.3.Students.Achieving.the.Provincial.Standard.in.Mathematics=Highest}",0.0510460251046025,0.263498920086393,1.45106548158175,122
"{Gifted=FALSE,Percentage.of.Children.Who.Live.in.Low.Income.Households=Lowest} => {Percentage.of.Grade.3.Students.Achieving.the.Provincial.Standard.in.Mathematics=Highest}",0.0556485355648536,0.26027397260274,1.43330597815794,133
"{Percentage.of.Grade.6.Students.Achieving.the.Provincial.Standard.in.Mathematics=High} => {Percentage.of.Grade.3.Students.Achieving.the.Provincial.Standard.in.Mathematics=Highest}",0.0523012552301255,0.259336099585062,1.42814119356751,125
"{FSL.Immersion=NO,Gender.Ratio.M.to.F=Lowest} => {Percentage.of.Grade.3.Students.Achieving.the.Provincial.Standard.in.Mathematics=Highest}",0.0615062761506276,0.253448275862069,1.39571746384872,147
"{FSL.Core=YES,FSL.Immersion=NO,Gender.Ratio.M.to.F=Lowest} => {Percentage.of.Grade.3.Students.Achieving.the.Provincial.Standard.in.Mathematics=Highest}",0.0615062761506276,0.253448275862069,1.39571746384872,147
"{Gifted=FALSE,Percentage.of.Children.Who.Live.in.Low.Income.Households=Lowest,FSL.Core=YES} => {Percentage.of.Grade.3.Students.Achieving.the.Provincial.Standard.in.Mathematics=Highest}",0.0506276150627615,0.253138075313808,1.39400921658986,121
"{Percentage.of.Grade.6.Students.Achieving.the.Provincial.Standard.in.Writing=High,FSL.Core=YES} => {Percentage.of.Grade.3.Students.Achieving.the.Provincial.Standard.in.Mathematics=Highest}",0.0523012552301255,0.252525252525253,1.39063445515058,125
"{FSL.Extended=NO,FSL.Immersion=NO,Gender.Ratio.M.to.F=Lowest} => {Percentage.of.Grade.3.Students.Achieving.the.Provincial.Standard.in.Mathematics=Highest}",0.0577405857740586,0.248648648648649,1.36928633702827,138
"{FSL.Core=YES,FSL.Extended=NO,FSL.Immersion=NO,Gender.Ratio.M.to.F=Lowest} => {Percentage.of.Grade.3.Students.Achieving.the.Provincial.Standard.in.Mathematics=Highest}",0.0577405857740586,0.248648648648649,1.36928633702827,138
"{Gifted=FALSE,Percentage.of.Grade.6.Students.Achieving.the.Provincial.Standard.in.Writing=High} => {Percentage.of.Grade.3.Students.Achieving.the.Provincial.Standard.in.Mathematics=Highest}",0.0502092050209205,0.248447204968944,1.36817700432207,120
"{Percentage.of.Grade.6.Students.Achieving.the.Provincial.Standard.in.Writing=High} => {Percentage.of.Grade.3.Students.Achieving.the.Provincial.Standard.in.Mathematics=Highest}",0.0543933054393305,0.247619047619048,1.36361641430766,130
"{Percentage.of.Grade.3.Students.Achieving.the.Provincial.Standard.in.Reading=High} => {Percentage.of.Grade.3.Students.Achieving.the.Provincial.Standard.in.Mathematics=Highest}",0.0506276150627615,0.247443762781186,1.36265113605308,121
"{Gifted=FALSE,FSL.Immersion=NO,Gender.Ratio.M.to.F=Lowest} => {Percentage.of.Grade.3.Students.Achieving.the.Provincial.Standard.in.Mathematics=Highest}",0.0569037656903766,0.246823956442831,1.35923791681651,136
"{Gifted=FALSE,FSL.Core=YES,FSL.Immersion=NO,Gender.Ratio.M.to.F=Lowest} => {Percentage.of.Grade.3.Students.Achieving.the.Provincial.Standard.in.Mathematics=Highest}",0.0569037656903766,0.246823956442831,1.35923791681651,136
"{Percentage.of.Students.Whose.First.Language.Is.Not.French=Low,FSL.Immersion=NO,Gender.Ratio.M.to.F=Lowest} => {Percentage.of.Grade.3.Students.Achieving.the.Provincial.Standard.in.Mathematics=Highest}",0.0543933054393305,0.246679316888046,1.3584413994526,130
"{Percentage.of.Students.Whose.First.Language.Is.Not.French=Low,FSL.Core=YES,FSL.Immersion=NO,Gender.Ratio.M.to.F=Lowest} => {Percentage.of.Grade.3.Students.Achieving.the.Provincial.Standard.in.Mathematics=Highest}",0.0543933054393305,0.246679316888046,1.3584413994526,130
"{Percentage.of.Grade.6.Students.Achieving.the.Provincial.Standard.in.Writing=High,FSL.Extended=NO} => {Percentage.of.Grade.3.Students.Achieving.the.Provincial.Standard.in.Mathematics=Highest}",0.0506276150627615,0.246435845213849,1.3571006222606,121
"{Gifted=FALSE,FSL.Extended=NO,FSL.Immersion=NO,Gender.Ratio.M.to.F=Lowest} => {Percentage.of.Grade.3.Students.Achieving.the.Provincial.Standard.in.Mathematics=Highest}",0.0543933054393305,0.245746691871456,1.35330551514465,130
"{Gifted=FALSE,FSL.Core=YES,FSL.Extended=NO,FSL.Immersion=NO,Gender.Ratio.M.to.F=Lowest} => {Percentage.of.Grade.3.Students.Achieving.the.Provincial.Standard.in.Mathematics=Highest}",0.0543933054393305,0.245746691871456,1.35330551514465,130
"{Percentage.of.Students.Whose.First.Language.Is.Not.French=Low,FSL.Extended=NO,FSL.Immersion=NO,Gender.Ratio.M.to.F=Lowest} => {Percentage.of.Grade.3.Students.Achieving.the.Provincial.Standard.in.Mathematics=Highest}",0.0518828451882845,0.244575936883629,1.34685826993519,124
"{Percentage.of.Students.Whose.First.Language.Is.Not.French=Low,FSL.Core=YES,FSL.Extended=NO,FSL.Immersion=NO,Gender.Ratio.M.to.F=Lowest} => {Percentage.of.Grade.3.Students.Achieving.the.Provincial.Standard.in.Mathematics=Highest}",0.0518828451882845,0.244575936883629,1.34685826993519,124
"{Percentage.of.Students.Whose.First.Language.Is.Not.French=Low,Gifted=FALSE,FSL.Immersion=NO,Gender.Ratio.M.to.F=Lowest} => {Percentage.of.Grade.3.Students.Achieving.the.Provincial.Standard.in.Mathematics=Highest}",0.0506276150627615,0.242,1.33267281105991,121
"{Percentage.of.Students.Whose.First.Language.Is.Not.French=Low,Gifted=FALSE,FSL.Core=YES,FSL.Immersion=NO,Gender.Ratio.M.to.F=Lowest} => {Percentage.of.Grade.3.Students.Achieving.the.Provincial.Standard.in.Mathematics=Highest}",0.0506276150627615,0.242,1.33267281105991,121
"{Gender.Ratio.M.to.F=Lowest} => {Percentage.of.Grade.3.Students.Achieving.the.Provincial.Standard.in.Mathematics=Highest}",0.0757322175732218,0.233850129198966,1.28779218614177,181
"{FSL.Core=YES,Gender.Ratio.M.to.F=Lowest} => {Percentage.of.Grade.3.Students.Achieving.the.Provincial.Standard.in.Mathematics=Highest}",0.0686192468619247,0.233618233618234,1.2865151574829,164
"{Percentage.of.Students.Whose.First.Language.Is.Not.French=Low,Gender.Ratio.M.to.F=Lowest} => {Percentage.of.Grade.3.Students.Achieving.the.Provincial.Standard.in.Mathematics=Highest}",0.0598326359832636,0.228070175438596,1.25596248686232,143
"{Percentage.of.Students.Whose.First.Language.Is.Not.French=Low,FSL.Core=YES,Gender.Ratio.M.to.F=Lowest} => {Percentage.of.Grade.3.Students.Achieving.the.Provincial.Standard.in.Mathematics=Highest}",0.0585774058577406,0.227642276422764,1.25360608444794,140
"{Gifted=FALSE,Gender.Ratio.M.to.F=Lowest} => {Percentage.of.Grade.3.Students.Achieving.the.Provincial.Standard.in.Mathematics=Highest}",0.0707112970711297,0.227150537634409,1.25089812199594,169
"{Gifted=FALSE,FSL.Core=YES,Gender.Ratio.M.to.F=Lowest} => {Percentage.of.Grade.3.Students.Achieving.the.Provincial.Standard.in.Mathematics=Highest}",0.0635983263598326,0.226190476190476,1.24561114768488,152
"{FSL.Core=YES,FSL.Extended=NO,Gender.Ratio.M.to.F=Lowest} => {Percentage.of.Grade.3.Students.Achieving.the.Provincial.Standard.in.Mathematics=Highest}",0.0627615062761506,0.224550898203593,1.23658213526863,150
"{FSL.Extended=NO,Gender.Ratio.M.to.F=Lowest} => {Percentage.of.Grade.3.Students.Achieving.the.Provincial.Standard.in.Mathematics=Highest}",0.0631799163179916,0.223372781065089,1.23009434734001,151
"{Percentage.of.Students.Whose.First.Language.Is.Not.French=Low,FSL.Core=YES,FSL.Extended=NO,Gender.Ratio.M.to.F=Lowest} => {Percentage.of.Grade.3.Students.Achieving.the.Provincial.Standard.in.Mathematics=Highest}",0.0548117154811716,0.222410865874363,1.22479716460767,131
"{Percentage.of.Students.Whose.First.Language.Is.Not.French=Low,Gifted=FALSE,Gender.Ratio.M.to.F=Lowest} => {Percentage.of.Grade.3.Students.Achieving.the.Provincial.Standard.in.Mathematics=Highest}",0.0556485355648536,0.2220367278798,1.22273681943023,133
"{Percentage.of.Students.Whose.First.Language.Is.Not.French=Low,Gifted=FALSE,FSL.Core=YES,Gender.Ratio.M.to.F=Lowest} => {Percentage.of.Grade.3.Students.Achieving.the.Provincial.Standard.in.Mathematics=Highest}",0.0543933054393305,0.221465076660988,1.21958878622065,130
"{Percentage.of.Students.Whose.First.Language.Is.Not.French=Low,FSL.Extended=NO,Gender.Ratio.M.to.F=Lowest} => {Percentage.of.Grade.3.Students.Achieving.the.Provincial.Standard.in.Mathematics=Highest}",0.0548117154811716,0.221283783783784,1.21859042221945,131
"{Gifted=FALSE,FSL.Core=YES,FSL.Extended=NO,Gender.Ratio.M.to.F=Lowest} => {Percentage.of.Grade.3.Students.Achieving.the.Provincial.Standard.in.Mathematics=Highest}",0.0589958158995816,0.21996879875195,1.21134891478608,141
"{Gifted=FALSE,FSL.Extended=NO,Gender.Ratio.M.to.F=Lowest} => {Percentage.of.Grade.3.Students.Achieving.the.Provincial.Standard.in.Mathematics=Highest}",0.0594142259414226,0.218798151001541,1.20490226012369,142
"{Percentage.of.Students.Whose.First.Language.Is.Not.French=Low,Gifted=FALSE,FSL.Core=YES,FSL.Extended=NO,Gender.Ratio.M.to.F=Lowest} => {Percentage.of.Grade.3.Students.Achieving.the.Provincial.Standard.in.Mathematics=Highest}",0.0514644351464435,0.218472468916519,1.20310875739742,123
"{Percentage.of.Students.Whose.First.Language.Is.Not.French=Low,Gifted=FALSE,FSL.Extended=NO,Gender.Ratio.M.to.F=Lowest} => {Percentage.of.Grade.3.Students.Achieving.the.Provincial.Standard.in.Mathematics=Highest}",0.0514644351464435,0.217314487632509,1.19673185585644,123
"{School.Type=Catholic,FSL.Immersion=NO} => {Percentage.of.Grade.3.Students.Achieving.the.Provincial.Standard.in.Mathematics=Highest}",0.0669456066945607,0.20997375328084,1.15630707451891,160
"{School.Type=Catholic,FSL.Core=YES,FSL.Immersion=NO} => {Percentage.of.Grade.3.Students.Achieving.the.Provincial.Standard.in.Mathematics=Highest}",0.0669456066945607,0.20997375328084,1.15630707451891,160
"{School.Type=Catholic,Percentage.of.Students.Whose.First.Language.Is.Not.French=Low,FSL.Immersion=NO} => {Percentage.of.Grade.3.Students.Achieving.the.Provincial.Standard.in.Mathematics=Highest}",0.0581589958158996,0.206845238095238,1.13907861531709,139
"{School.Type=Catholic,Percentage.of.Students.Whose.First.Language.Is.Not.French=Low,FSL.Core=YES,FSL.Immersion=NO} => {Percentage.of.Grade.3.Students.Achieving.the.Provincial.Standard.in.Mathematics=Highest}",0.0581589958158996,0.206845238095238,1.13907861531709,139
"{School.Type=Catholic,FSL.Extended=NO,FSL.Immersion=NO} => {Percentage.of.Grade.3.Students.Achieving.the.Provincial.Standard.in.Mathematics=Highest}",0.0627615062761506,0.203804347826087,1.12233269885794,150
"{School.Type=Catholic,FSL.Core=YES,FSL.Extended=NO,FSL.Immersion=NO} => {Percentage.of.Grade.3.Students.Achieving.the.Provincial.Standard.in.Mathematics=Highest}",0.0627615062761506,0.203804347826087,1.12233269885794,150
"{School.Type=Catholic} => {Percentage.of.Grade.3.Students.Achieving.the.Provincial.Standard.in.Mathematics=Highest}",0.0820083682008368,0.203108808290155,1.11850242353334,196
"{School.Type=Catholic,Percentage.of.Students.Whose.First.Language.Is.Not.French=Low,FSL.Extended=NO,FSL.Immersion=NO} => {Percentage.of.Grade.3.Students.Achieving.the.Provincial.Standard.in.Mathematics=Highest}",0.0548117154811716,0.201538461538462,1.10985466146756,131
"{School.Type=Catholic,Percentage.of.Students.Whose.First.Language.Is.Not.French=Low,FSL.Core=YES,FSL.Extended=NO,FSL.Immersion=NO} => {Percentage.of.Grade.3.Students.Achieving.the.Provincial.Standard.in.Mathematics=Highest}",0.0548117154811716,0.201538461538462,1.10985466146756,131
